"","metapop.initab","Gen.Abar","Gen.Mu1","Gen.Tgen","EigenVal","dd.type","Rmax","GrowthRt","fec.stdev.avg","surv.stdev.avg","stdev.avg","fec.cv.avg","surv.cv.avg","cv.avg","N.maxVmin.10","N.plusVmin.SD","N.CV.10","St.First.Rep","St.First.Rep.Name","ext.risk","threshold","prob.thresh.maxt","med.time.cross","prob.50","prob.250","prob.1000","prob.Thr.50","exp.min.n","sderr.ema","n.mean","n.stdev","metapop.chng","occ.maxt","occ.stdev.maxt","quant.05","quant.25","quant.50","quant.75","quant.95","harv.avg","harv.stdev","harv.min","harv.max","use.disp.dist.func","avg.disp.dist.b","max.disp.dist.Dmax","mean.t0.disp.rate","loquart.t0.disp.rate","hiquart.t0.disp.rate","mean.t0.Ngt0.disp.rate","loquart.t0.Ngt0.disp.rate","hiquart.t0.Ngt0.disp.rate","mean.t0.nearest.disp.rate","loquart.t0.nearest.disp.rate","hiquart.t0.nearest.disp.rate","mean.t0.Ngt0.nearest.disp.rate","loquart.t0.Ngt0.nearest.disp.rate","hiquart.t0.Ngt0.nearest.disp.rate","use.corr.dist.func","avg.corr.dist.b","kch.type","ad.surv","fecund"
"/Users/mlammens/Dropbox/RA-FL-Shore-Birds/SensitivityAnalysis/SampleSize_100/FLSNPL_2M_Ceiling_100/snpl1.mp",439,2.53,3.08,2.78,1.1189,"CE",1.178741301961,1.1189,0.186842,0.09636728,0.1486549454586,0.421692892415748,0.1426015989232,0.282147245669474,3.36551724137931,1.3378253041628,0.144504084014002,3,"M-Juvenile",0,0,0,91,0.001,0.929,1,0.706,192.554,1.38613941090587,281.011,43.1387045102983,-0.359883826879271,2.11,0.7433,188,267,299,308,317,0,0,0,0,FALSE,100,1250,0.0425566666666667,0.005775,0.063235,0.005775,0.0034875,0.0080625,0.0285733333333333,0.003645,0.042465,0.003645,0.0022175,0.0050725,TRUE,845.06451,"LO.KCH",0.6757798,0.443076
"/Users/mlammens/Dropbox/RA-FL-Shore-Birds/SensitivityAnalysis/SampleSize_100/FLSNPL_2M_Ceiling_100/snpl10.mp",486,3.94,3.36,3.63,0.941,"CE",1.08636144499159,0.941,0.2166749,0.06889835,0.160771569194825,0.907310832879695,0.0981164885645983,0.502713660722147,16.3243243243243,3.12545454545455,0.515204936095196,3,"M-Juvenile",0.936,0,0.936,53.1555555555556,0.999,1,1,1,0.467,0.0975726981866927,1.078,11.2004180888646,-0.997781893004115,0.072,0.2914,0,0,0,0,1.04999999999995,0,0,0,0,FALSE,100,1250,0.0508466666666667,0.01405,0.074405,0.01405,0.00889,0.01921,0.0334833333333333,0.01007,0.048785,0.01007,0.006475,0.013665,TRUE,714.03699,"ME.KCH",0.7022097,0.23881
"/Users/mlammens/Dropbox/RA-FL-Shore-Birds/SensitivityAnalysis/SampleSize_100/FLSNPL_2M_Ceiling_100/snpl100.mp",473,2.66,3.56,3.06,1.1534,"CE",1.24334466949749,1.1534,0.1928679,0.1413434,0.169079838499405,0.444358711767328,0.196497414273566,0.320428063020447,8.58823529411765,1.40259019426457,0.167565070075466,3,"M-Juvenile",0,0,0,91,0.003,0.394,1,0.351,267.784,2.49205089467725,443.413,67.560290288185,-0.0625517970401691,2.965,0.1839,288,434,474,484,487,0,0,0,0,FALSE,100,1250,0.0349233333333333,0.01062,0.0501,0.01062,0.007595,0.013645,0.0197566666666667,0.008115,0.02817,0.008115,0.0055225,0.0107075,TRUE,610.80481,"HI.KCH",0.7193143,0.4340365
"/Users/mlammens/Dropbox/RA-FL-Shore-Birds/SensitivityAnalysis/SampleSize_100/FLSNPL_2M_Ceiling_100/snpl11.mp",513,3.37,2.78,3.05,0.9115,"CE",1.17488551654677,0.9115,0.2109107,0.06530693,0.156122257350634,0.778655582186268,0.101941220030432,0.44029840110835,23.1428571428571,3.31995690816052,0.537032418952619,3,"M-Juvenile",0.998,0,0.998,39.6,1,1,1,1,0.009,0.00806126441595758,0.01,0.286324958712967,-0.999980506822612,0.002,0.0447,0,0,0,0,0,0,0,0,0,FALSE,100,1250,0.0542866666666667,0.01319,0.079655,0.01319,0.00837,0.01801,0.0328,0.010135,0.04809,0.010135,0.0061775,0.0140925,TRUE,1200.396,"LO.KCH",0.6406332,0.2708652
"/Users/mlammens/Dropbox/RA-FL-Shore-Birds/SensitivityAnalysis/SampleSize_100/FLSNPL_2M_Ceiling_100/snpl12.mp",523,2.57,2.88,2.71,1.0695,"CE",1.16973864557729,1.0695,0.1560217,0.05537295,0.117066080618155,0.374297180854675,0.0848404075615941,0.229568794208135,2.83255813953488,1.36540277965187,0.154478037649743,3,"M-Juvenile",0,0,0,91,0,0.494,1,0.586,245.216,1.62377707706323,340.26,62.5114395937262,-0.349407265774379,2.614,0.5544,208,311,368,385,402,0,0,0,0,FALSE,100,1250,0.05216,0.01454,0.076545,0.01454,0.008965,0.020115,0.0362633333333333,0.009305,0.05345,0.009305,0.0055975,0.0130125,TRUE,2369.1521,"ME.KCH",0.6526719,0.4168391
"/Users/mlammens/Dropbox/RA-FL-Shore-Birds/SensitivityAnalysis/SampleSize_100/FLSNPL_2M_Ceiling_100/snpl13.mp",543,3.33,3.64,3.48,1.0367,"CE",1.01704553694108,1.0367,0.1482886,0.04444112,0.109463514553513,0.476576382298277,0.0612545424598096,0.268915462379044,4.01648351648352,1.54631083202512,0.214549938347719,3,"M-Juvenile",0,0,0,91,0.012,0.512,1,0.622,239.734,2.39944505679555,354.193,100.455946305573,-0.347710865561694,2.532,0.6793,159,290,371.5,442,474,0,0,0,0,FALSE,100,1250,0.03974,0.00838,0.05873,0.00838,0.00507,0.01169,0.02741,0.004485,0.040625,0.004485,0.0027325,0.0062375,TRUE,1359.80896,"HI.KCH",0.7255155,0.3111539
"/Users/mlammens/Dropbox/RA-FL-Shore-Birds/SensitivityAnalysis/SampleSize_100/FLSNPL_2M_Ceiling_100/snpl14.mp",463,3.03,2.78,2.9,0.9571,"CE",1.08098352944234,0.9571,0.1607902,0.08786091,0.129562779998864,0.508321586110594,0.137115391097861,0.322718488604227,29.7916666666667,3.16528925619835,0.51984126984127,3,"M-Juvenile",0.845,0,0.845,62.125,0.989,1,1,1,2.381,0.320734640645051,3.863,17.6156334413935,-0.991656587473002,0.175,0.4319,0,0,0,0,24,0,0,0,0,FALSE,100,1250,0.0402833333333333,0.01322,0.05899,0.01322,0.008045,0.018395,0.02841,0.01082,0.041525,0.01082,0.0065,0.01514,TRUE,1784.99695,"HI.KCH",0.6407808,0.3163159
"/Users/mlammens/Dropbox/RA-FL-Shore-Birds/SensitivityAnalysis/SampleSize_100/FLSNPL_2M_Ceiling_100/snpl15.mp",495,3.15,2.85,3,0.9513,"CE",1.13188683720896,0.9513,0.1468016,0.1265887,0.137068247107508,0.486218118780334,0.194926170127223,0.340572144453779,52.0714285714286,3.54242928452579,0.55970695970696,3,"M-Juvenile",0.894,0,0.894,56.7727272727273,0.992,1,1,1,1.662,0.300549639969982,2.737,15.4477980782203,-0.994470707070707,0.126,0.3902,0,0,0,0,13,0,0,0,0,FALSE,100,1250,0.0399633333333333,0.01122,0.058535,0.01122,0.00702,0.01542,0.0261566666666667,0.00577,0.03846,0.00577,0.00366,0.00788,TRUE,1861.76294,"HI.KCH",0.6494187,0.3019254
"/Users/mlammens/Dropbox/RA-FL-Shore-Birds/SensitivityAnalysis/SampleSize_100/FLSNPL_2M_Ceiling_100/snpl16.mp",540,2.73,3.89,3.23,1.1711,"CE",1.24183240592545,1.1711,0.1409578,0.1004865,0.122406368427239,0.32909091418475,0.135291659340189,0.232191286762469,2.32824427480916,1.15225512025468,0.0707421340629275,3,"M-Juvenile",0,0,0,91,0,0.117,1,0.192,313.123,1.52006133345252,389.394,27.8914807548595,-0.2789,2.949,0.2201,337.95,389.75,398,403.25,406,0,0,0,0,FALSE,100,1250,0.0452233333333333,0.01403,0.06567,0.01403,0.00918,0.01888,0.0329666666666667,0.01087,0.0479,0.01087,0.006985,0.014755,TRUE,2741.1189,"ME.KCH",0.7427398,0.4283248
"/Users/mlammens/Dropbox/RA-FL-Shore-Birds/SensitivityAnalysis/SampleSize_100/FLSNPL_2M_Ceiling_100/snpl17.mp",529,2.9,2.83,2.87,0.9875,"CE",1.14829466056511,0.9875,0.1624024,0.1082446,0.138006218981102,0.477104184911568,0.167276438374836,0.322190311643202,18.6666666666667,2.60945626477541,0.445899921404244,3,"M-Juvenile",0.455,0,0.455,91,0.842,0.998,1,1,21.838,1.15854995317163,44.148,81.0076807490521,-0.916544423440454,0.651,0.675,0,0,5,55.25,212,0,0,0,0,FALSE,100,1250,0.0292266666666667,0.00892,0.043225,0.00892,0.005075,0.012765,0.0167866666666667,0.00678,0.024855,0.00678,0.003715,0.009845,TRUE,2327.97803,"HI.KCH",0.6471001,0.3403919
"/Users/mlammens/Dropbox/RA-FL-Shore-Birds/SensitivityAnalysis/SampleSize_100/FLSNPL_2M_Ceiling_100/snpl18.mp",497,3.55,3.6,3.58,1.0054,"CE",1.15412340728038,1.0054,0.1957042,0.1244168,0.163981209319666,0.691880460329267,0.172200990658666,0.432040725493966,145.8,2.86166007905138,0.482088024564995,3,"M-Juvenile",0.288,0,0.288,91,0.736,0.999,1,0.999,36.239,1.45551447996968,84.667,116.887856006866,-0.829643863179074,1.15,0.9667,0,0,35.5,116,363.1,0,0,0,0,FALSE,100,1250,0.0483,0.010725,0.071205,0.010725,0.0066075,0.0148425,0.0327566666666667,0.00837,0.048405,0.00837,0.004915,0.011825,TRUE,2665.4751,"HI.KCH",0.7225092,0.2828584
"/Users/mlammens/Dropbox/RA-FL-Shore-Birds/SensitivityAnalysis/SampleSize_100/FLSNPL_2M_Ceiling_100/snpl19.mp",576,2.51,2.89,2.69,1.0856,"CE",1.14058308914409,1.0856,0.1722854,0.07881518,0.133966584735882,0.398733018562907,0.120596261195466,0.259664639879187,3.21052631578947,1.3795508060134,0.159505233111322,3,"M-Juvenile",0,0,0,91,0,0.604,1,0.853,230.878,1.73966708239179,336.968,64.7304488398389,-0.414986111111111,2.441,0.6701,199.9,306,363,385,398,0,0,0,0,FALSE,100,1250,0.0428533333333333,0.01381,0.062625,0.01381,0.00856,0.01906,0.0289566666666667,0.01058,0.04213,0.01058,0.006595,0.014565,TRUE,2804.19702,"ME.KCH",0.6535458,0.4320821
"/Users/mlammens/Dropbox/RA-FL-Shore-Birds/SensitivityAnalysis/SampleSize_100/FLSNPL_2M_Ceiling_100/snpl2.mp",434,2.45,2.91,2.66,1.1083,"CE",1.20547824593289,1.1083,0.1433182,0.07143301,0.113231579890285,0.316949234630522,0.108879766928162,0.212914500779342,2.57950530035336,1.28279328267321,0.123880372708145,3,"M-Juvenile",0,0,0,91,0,0.03,1,0.012,357.237,1.51377354361256,453.068,45.1003705020194,0.0439354838709677,2.957,0.2173,351.95,444,471,481,486,0,0,0,0,FALSE,100,1250,0.0419766666666667,0.0113,0.06081,0.0113,0.007805,0.014795,0.0280633333333333,0.00627,0.040765,0.00627,0.004465,0.008075,TRUE,1087.85999,"HI.KCH",0.6560724,0.4521803
"/Users/mlammens/Dropbox/RA-FL-Shore-Birds/SensitivityAnalysis/SampleSize_100/FLSNPL_2M_Ceiling_100/snpl20.mp",601,3.82,2.93,3.33,0.8924,"CE",1.13110582337192,0.8924,0.2019046,0.08699066,0.15545552809147,0.865183932027831,0.131988634406698,0.498586283217265,32.3684210526316,4.51962323390895,0.637656427758817,3,"M-Juvenile",1,0,1,37.2978723404255,1,1,1,1,0,0,0,0,-1,0,0,0,0,0,0,0,0,0,0,0,FALSE,100,1250,0.04751,0.01004,0.069905,0.01004,0.00638,0.0137,0.0318866666666667,0.00704,0.046785,0.00704,0.004565,0.009515,TRUE,741.20081,"HI.KCH",0.6590769,0.2333661
"/Users/mlammens/Dropbox/RA-FL-Shore-Birds/SensitivityAnalysis/SampleSize_100/FLSNPL_2M_Ceiling_100/snpl21.mp",557,3.31,4.05,3.65,1.0789,"CE",1.05691024163762,1.0789,0.1510486,0.1300304,0.140931870927268,0.463972173083958,0.172601692720553,0.318286932902256,7.01149425287356,1.54212997281937,0.213258164852255,3,"M-Juvenile",0.001,0,0.001,91,0.044,0.838,1,0.932,173.389,2.26985989500298,315.605,92.1880448356001,-0.433384201077199,2.64,0.5733,119.95,263,352,386,404,0,0,0,0,FALSE,100,1250,0.0412633333333333,0.015235,0.060445,0.015235,0.0090675,0.0214025,0.0230233333333333,0.010335,0.033665,0.010335,0.0060375,0.0146325,TRUE,1902.45203,"ME.KCH",0.7533553,0.3255553
"/Users/mlammens/Dropbox/RA-FL-Shore-Birds/SensitivityAnalysis/SampleSize_100/FLSNPL_2M_Ceiling_100/snpl22.mp",500,3.38,3.09,3.23,0.9615,"CE",1.09931886236076,0.9615,0.2030132,0.1379444,0.173555490932439,0.713306625309284,0.203790524678121,0.458548574993703,151.5,3.53948535936114,0.559421422986708,3,"M-Juvenile",0.883,0,0.883,57.1162790697674,0.992,1,1,1,1.717,0.241642923137224,4.844,24.7255539274051,-0.990312,0.149,0.4483,0,0,0,0,20,0,0,0,0,FALSE,100,1250,0.04573,0.00649,0.067245,0.00649,0.004595,0.008385,0.02727,0.004455,0.04006,0.004455,0.0030725,0.0058375,TRUE,982.15363,"ME.KCH",0.6768931,0.2846086
"/Users/mlammens/Dropbox/RA-FL-Shore-Birds/SensitivityAnalysis/SampleSize_100/FLSNPL_2M_Ceiling_100/snpl23.mp",434,3.77,3.04,3.38,0.9141,"CE",1.1641075913619,0.9141,0.2151452,0.1272922,0.176763629267845,0.886850372246385,0.189560884268595,0.53820562825749,179.75,7.88043478260869,0.774785801713586,3,"M-Juvenile",0.995,0,0.995,38.2597402597403,1,1,1,1,0.007,0.00331088537433146,0.013,0.234277369555589,-0.999970046082949,0.005,0.0706,0,0,0,0,0,0,0,0,0,FALSE,100,1250,0.0627866666666667,0.013595,0.09223,0.013595,0.0087475,0.0184425,0.0354866666666667,0.01023,0.05183,0.01023,0.006515,0.013945,TRUE,1823.08301,"HI.KCH",0.6715109,0.2425947
"/Users/mlammens/Dropbox/RA-FL-Shore-Birds/SensitivityAnalysis/SampleSize_100/FLSNPL_2M_Ceiling_100/snpl24.mp",510,3.37,3.72,3.54,1.039,"CE",1.2275289512085,1.039,0.1657813,0.03463401,0.119755906072248,0.538290646745718,0.0473774689380413,0.29283405784188,4.10084033613445,1.43425530598354,0.178393492628368,3,"M-Juvenile",0.001,0,0.001,91,0.045,0.991,1,0.995,148.381,1.66742140238547,225.697,74.8170487374487,-0.557456862745098,2.003,0.7386,75.95,176,240.5,296,311,0,0,0,0,FALSE,100,1250,0.0490066666666667,0.01175,0.0719,0.01175,0.007485,0.016015,0.03504,0.00788,0.051305,0.00788,0.005195,0.010565,TRUE,660.77808,"LO.KCH",0.7310228,0.3079773
"/Users/mlammens/Dropbox/RA-FL-Shore-Birds/SensitivityAnalysis/SampleSize_100/FLSNPL_2M_Ceiling_100/snpl25.mp",605,2.81,4.02,3.33,1.1673,"CE",1.10889428923556,1.1673,0.1839664,0.1147719,0.153323555526491,0.442264770735188,0.15276727541406,0.297516023074624,2.96363636363636,1.26589940961064,0.117348284960422,3,"M-Juvenile",0,0,0,91,0.001,0.748,1,1,214.2,1.51829615794259,298.71,37.4075824830639,-0.506264462809917,2.837,0.3957,219.9,297,313,321,325,0,0,0,0,FALSE,100,1250,0.0327633333333333,0.009735,0.047515,0.009735,0.0064975,0.0129725,0.02135,0.005925,0.03117,0.005925,0.0038175,0.0080325,TRUE,1883.93005,"LO.KCH",0.7512859,0.4159644
"/Users/mlammens/Dropbox/RA-FL-Shore-Birds/SensitivityAnalysis/SampleSize_100/FLSNPL_2M_Ceiling_100/snpl26.mp",453,2.73,3.62,3.12,1.1419,"CE",1.21910024672268,1.1419,0.1777461,0.07497289,0.136408596320324,0.424763172905943,0.103633329914501,0.264198251410222,1.68975069252078,1.16772241656424,0.0773726448011166,3,"M-Juvenile",0,0,0,91,0,0.094,1,0.04,307.919,1.29426023215911,380.975,31.8875083408564,-0.158995584988962,2.917,0.2832,309,376,394,401,405,0,0,0,0,FALSE,100,1250,0.0528566666666667,0.015325,0.077675,0.015325,0.0092725,0.0213775,0.03299,0.01078,0.048345,0.01078,0.00653,0.01503,TRUE,1196.604,"ME.KCH",0.7234438,0.4184593
"/Users/mlammens/Dropbox/RA-FL-Shore-Birds/SensitivityAnalysis/SampleSize_100/FLSNPL_2M_Ceiling_100/snpl27.mp",596,3.45,4,3.71,1.0556,"CE",1.05068080764643,1.0556,0.1503662,0.04612946,0.111215828869661,0.491640880234994,0.0615222459603631,0.276581563097679,2.63636363636364,1.30648876526577,0.13288110043339,3,"M-Juvenile",0,0,0,91,0.003,0.486,1,0.824,247.358,1.69886019494306,335.301,65.4130052838139,-0.437414429530201,2.731,0.4949,206.9,300.75,358,385,401.05,0,0,0,0,FALSE,100,1250,0.0628966666666667,0.01151,0.09304,0.01151,0.00706,0.01596,0.0340733333333333,0.007235,0.050225,0.007235,0.0045025,0.0099675,TRUE,2057.03491,"ME.KCH",0.7498013,0.3058456
"/Users/mlammens/Dropbox/RA-FL-Shore-Birds/SensitivityAnalysis/SampleSize_100/FLSNPL_2M_Ceiling_100/snpl28.mp",527,3.72,3.93,3.82,1.0191,"CE",1.19528204025553,1.0191,0.2120013,0.1500835,0.183670368015557,0.774602333657909,0.201332427930896,0.487967380794403,48.7,2.3767955801105,0.407722513089005,3,"M-Juvenile",0.335,0,0.335,91,0.794,1,1,1,26.114,1.05641801528705,64.562,86.4716340744148,-0.877491461100569,1.019,0.9335,0,0,20,101,268.2,0,0,0,0,FALSE,100,1250,0.0496066666666667,0.010205,0.07268,0.010205,0.0068325,0.0135775,0.0281966666666667,0.00737,0.041085,0.00737,0.004895,0.009845,TRUE,1642.64795,"LO.KCH",0.7454512,0.2736905
"/Users/mlammens/Dropbox/RA-FL-Shore-Birds/SensitivityAnalysis/SampleSize_100/FLSNPL_2M_Ceiling_100/snpl29.mp",560,3.63,3.18,3.4,0.946,"CE",1.16699642480358,0.946,0.1602141,0.06034887,0.12105896073626,0.615456509838947,0.0880107819966382,0.351733645917792,12.3877551020408,2.47150907952411,0.423881673881674,3,"M-Juvenile",0.901,0,0.901,61.2608695652174,0.997,1,1,1,1.177,0.17325613607803,1.946,9.72767761141947,-0.996525,0.106,0.333,0,0,0,0,11,0,0,0,0,FALSE,100,1250,0.03396,0.012845,0.04938,0.012845,0.0079825,0.0177075,0.0211566666666667,0.007725,0.03078,0.007725,0.0048175,0.0106325,TRUE,2146.63794,"ME.KCH",0.6856986,0.2603175
"/Users/mlammens/Dropbox/RA-FL-Shore-Birds/SensitivityAnalysis/SampleSize_100/FLSNPL_2M_Ceiling_100/snpl3.mp",449,3.39,3.29,3.34,0.9871,"CE",1.1135649936991,0.9871,0.1733694,0.05291376,0.128173349128627,0.59473494633062,0.0760694429728891,0.335402194651754,6.85915492957746,2.04476394412155,0.343134628265238,3,"M-Juvenile",0.408,0,0.408,91,0.879,1,1,1,18.468,0.894315814898058,34.138,58.7860592041749,-0.923968819599109,0.766,0.7575,0,0,7,43,171.2,0,0,0,0,FALSE,100,1250,0.0369333333333333,0.0085,0.053945,0.0085,0.005705,0.011295,0.0229266666666667,0.00459,0.033575,0.00459,0.00311,0.00607,TRUE,1930.50098,"LO.KCH",0.6955981,0.291507
"/Users/mlammens/Dropbox/RA-FL-Shore-Birds/SensitivityAnalysis/SampleSize_100/FLSNPL_2M_Ceiling_100/snpl30.mp",502,2.92,3.58,3.23,1.0959,"CE",1.18498482267567,1.0959,0.1672397,0.02761517,0.11985765488741,0.446116123242868,0.0382989172214532,0.24220752023216,2.48639455782313,1.26364164417262,0.116467924528302,3,"M-Juvenile",0,0,0,91,0,0.012,1,0.012,366.716,1.38364222608657,452.836,43.9538057628807,-0.0979362549800797,2.985,0.1216,356,438,473,482,487,0,0,0,0,FALSE,100,1250,0.0406233333333333,0.00895,0.05921,0.00895,0.0062,0.0117,0.0289066666666667,0.00564,0.042375,0.00564,0.003805,0.007475,TRUE,1257.92102,"HI.KCH",0.7210431,0.3748793
"/Users/mlammens/Dropbox/RA-FL-Shore-Birds/SensitivityAnalysis/SampleSize_100/FLSNPL_2M_Ceiling_100/snpl31.mp",585,3,3.73,3.33,1.0974,"CE",1.03012601374359,1.0974,0.2043013,0.1129139,0.165058429040901,0.558781956079963,0.154310268131992,0.356546112105977,6.6195652173913,1.53556276516097,0.211220472440945,3,"M-Juvenile",0,0,0,91,0.019,0.811,1,0.954,191.465,2.03647243904625,335.562,77.5151646889611,-0.426389743589744,2.773,0.4708,168,295,373.5,394,404,0,0,0,0,FALSE,100,1250,0.0359233333333333,0.007245,0.051715,0.007245,0.0057925,0.0086975,0.02079,0.004415,0.02949,0.004415,0.0039025,0.0049275,TRUE,2079.54492,"ME.KCH",0.7317329,0.365619
"/Users/mlammens/Dropbox/RA-FL-Shore-Birds/SensitivityAnalysis/SampleSize_100/FLSNPL_2M_Ceiling_100/snpl32.mp",577,2.52,3.38,2.9,1.1667,"CE",1.13506009375462,1.1667,0.1815259,0.1108387,0.150394264831642,0.392292159122981,0.157441939052891,0.274867049087936,2.57383966244726,1.2269390298522,0.101906260930395,3,"M-Juvenile",0,0,0,91,0,0.252,1,0.483,282.711,1.67933845804134,380.206,39.6270597933769,-0.341064124783362,2.922,0.2757,292.95,381.75,395,402,406,0,0,0,0,FALSE,100,1250,0.04075,0.009095,0.059,0.009095,0.0066725,0.0115175,0.0227633333333333,0.00605,0.03254,0.00605,0.00463,0.00747,TRUE,630.95862,"ME.KCH",0.7039973,0.4627314
"/Users/mlammens/Dropbox/RA-FL-Shore-Birds/SensitivityAnalysis/SampleSize_100/FLSNPL_2M_Ceiling_100/snpl33.mp",574,3.9,4.16,4.03,1.0215,"CE",1.04127156676655,1.0215,0.1716996,0.1112091,0.144651679151972,0.655536143529534,0.146408731039021,0.400972437284277,24.3333333333333,2.09289617486339,0.353356890459364,3,"M-Juvenile",0.071,0,0.071,91,0.374,0.964,1,0.985,94.503,2.39544194943921,188.491,149.579490382014,-0.671618466898955,1.9,0.9224,0,50,161,312,454.05,0,0,0,0,FALSE,100,1250,0.0480066666666667,0.006695,0.071045,0.006695,0.0043125,0.0090775,0.02608,0.00421,0.0385,0.00421,0.002725,0.005695,TRUE,1123.77502,"HI.KCH",0.7595797,0.2619224
"/Users/mlammens/Dropbox/RA-FL-Shore-Birds/SensitivityAnalysis/SampleSize_100/FLSNPL_2M_Ceiling_100/snpl34.mp",612,2.81,3.52,3.13,1.1116,"CE",1.05474656272155,1.1116,0.1761671,0.1471228,0.162295972535134,0.445553759575062,0.205409832426352,0.325481796000707,8.01639344262295,1.53741807651273,0.211797212878424,3,"M-Juvenile",0.004,0,0.004,91,0.074,0.99,1,1,133.199,1.79052992055324,256.598,74.0746748454116,-0.580722222222222,2.303,0.7428,93,222,298,308,320,0,0,0,0,FALSE,100,1250,0.0577333333333333,0.00653,0.08532,0.00653,0.004545,0.008515,0.02994,0.00377,0.044225,0.00377,0.00257,0.00497,TRUE,2495.59204,"LO.KCH",0.7162403,0.3953891
"/Users/mlammens/Dropbox/RA-FL-Shore-Birds/SensitivityAnalysis/SampleSize_100/FLSNPL_2M_Ceiling_100/snpl35.mp",592,2.83,3.78,3.25,1.1377,"CE",1.03679430630539,1.1377,0.2062877,0.06611221,0.153175454107984,0.513172630819558,0.089858030145675,0.301515330482616,2.23547400611621,1.20905189863169,0.0946342178566192,3,"M-Juvenile",0,0,0,91,0,0.026,1,0.105,361.567,1.50531175325063,456.474,42.7077894450097,-0.228929054054054,2.988,0.1089,362.95,447,475,484,487,0,0,0,0,FALSE,100,1250,0.0381666666666667,0.008465,0.05608,0.008465,0.0054025,0.0115275,0.0236066666666667,0.005945,0.034505,0.005945,0.0038775,0.0080125,TRUE,1073.38306,"HI.KCH",0.7357407,0.401985
"/Users/mlammens/Dropbox/RA-FL-Shore-Birds/SensitivityAnalysis/SampleSize_100/FLSNPL_2M_Ceiling_100/snpl36.mp",477,2.94,3.21,3.07,1.0431,"CE",1.19093405207261,1.0431,0.2071286,0.1249138,0.17103466661528,0.584256421279004,0.181403688695703,0.382830054987354,8.83636363636364,1.92136752136752,0.315389116442364,3,"M-Juvenile",0.095,0,0.095,91,0.446,1,1,1,65.423,1.61970599755589,146.224,103.825900630053,-0.693450733752621,1.528,0.8497,0,52,137.5,246.25,301,0,0,0,0,FALSE,100,1250,0.0441833333333333,0.01003,0.064575,0.01003,0.006715,0.013345,0.0258466666666667,0.006715,0.03753,0.006715,0.0045975,0.0088325,TRUE,1147.78101,"LO.KCH",0.6885957,0.3545166
"/Users/mlammens/Dropbox/RA-FL-Shore-Birds/SensitivityAnalysis/SampleSize_100/FLSNPL_2M_Ceiling_100/snpl37.mp",607,2.8,3.9,3.27,1.1572,"CE",1.16842303522764,1.1572,0.1765106,0.105057,0.145246282502101,0.426715474505705,0.141284130014698,0.283999802260201,3.10828025477707,1.24776564051639,0.11022752374641,3,"M-Juvenile",0,0,0,91,0,0.738,1,1,220.533,1.37267153322932,299.694,28.8702936919225,-0.50627018121911,2.511,0.6199,237.95,299,309.5,316,323,0,0,0,0,FALSE,100,1250,0.05778,0.01388,0.08564,0.01388,0.00797,0.01979,0.0369933333333333,0.009795,0.054795,0.009795,0.0055925,0.0139975,TRUE,1467.29504,"LO.KCH",0.7435867,0.4136494
"/Users/mlammens/Dropbox/RA-FL-Shore-Birds/SensitivityAnalysis/SampleSize_100/FLSNPL_2M_Ceiling_100/snpl38.mp",468,3.05,2.96,3,0.9847,"CE",1.08447629682124,0.9847,0.1532651,0.08912789,0.125367403366788,0.474738648436847,0.134660942673088,0.304699795554967,11.6923076923077,2.3596757852077,0.404704463208685,3,"M-Juvenile",0.428,0,0.428,91,0.859,1,1,1,20.577,1.08997987464316,37.315,66.7556296434173,-0.920267094017094,0.752,0.7714,0,0,5,41,183.05,0,0,0,0,FALSE,100,1250,0.0405433333333333,0.01225,0.05952,0.01225,0.00742,0.01708,0.0224733333333333,0.00883,0.03305,0.00883,0.005075,0.012585,TRUE,2801.927,"ME.KCH",0.6618689,0.322841
"/Users/mlammens/Dropbox/RA-FL-Shore-Birds/SensitivityAnalysis/SampleSize_100/FLSNPL_2M_Ceiling_100/snpl39.mp",543,2.84,3.15,2.99,1.0539,"CE",1.19676190519289,1.0539,0.2090002,0.09836505,0.163335187056468,0.562424483148541,0.144164981579458,0.353294732363999,11.2777777777778,1.74446439257929,0.271260357610118,3,"M-Juvenile",0.012,0,0.012,91,0.157,0.982,1,0.99,125.162,2.07546170701781,245.94,117.031109883999,-0.54707182320442,2.105,0.8004,31.9,154.75,262.5,357.25,389.05,0,0,0,0,FALSE,100,1250,0.03289,0.01298,0.048075,0.01298,0.00775,0.01821,0.0184566666666667,0.00785,0.026925,0.00785,0.004685,0.011015,TRUE,1686.84399,"ME.KCH",0.6823089,0.3716058
"/Users/mlammens/Dropbox/RA-FL-Shore-Birds/SensitivityAnalysis/SampleSize_100/FLSNPL_2M_Ceiling_100/snpl4.mp",415,2.6,3.69,3.07,1.1838,"CE",1.07967721412749,1.1838,0.1987488,0.1232601,0.165369491976982,0.437299844727364,0.169000232673343,0.303150038700353,3.66834170854271,1.31016520827245,0.1342610507516,3,"M-Juvenile",0,0,0,91,0,0.198,1,0.093,310.189,2.29155897186206,455.53,49.8833985756128,0.0976626506024096,2.836,0.3785,342,459,474,481,487,0,0,0,0,FALSE,100,1250,0.05454,0.008,0.08005,0.008,0.00576,0.01024,0.0283533333333333,0.00514,0.04106,0.00514,0.00404,0.00624,TRUE,1952.36902,"HI.KCH",0.7293487,0.4544909
"/Users/mlammens/Dropbox/RA-FL-Shore-Birds/SensitivityAnalysis/SampleSize_100/FLSNPL_2M_Ceiling_100/snpl40.mp",535,2.78,3.44,3.08,1.1089,"CE",1.20865087774093,1.1089,0.1424951,0.04752065,0.106214560443549,0.35681874011359,0.066973025545378,0.211895882829484,1.86259541984733,1.16482919804528,0.0761395856052344,3,"M-Juvenile",0,0,0,91,0,0.396,1,0.669,253.359,0.834477364265485,300.442,23.2073095212525,-0.438426168224299,2.557,0.6302,250,298,307,316,323,0,0,0,0,FALSE,100,1250,0.0419066666666667,0.00754,0.061755,0.00754,0.004875,0.010205,0.0222333333333333,0.00542,0.032685,0.00542,0.003375,0.007465,TRUE,2270.01489,"LO.KCH",0.7095491,0.3993487
"/Users/mlammens/Dropbox/RA-FL-Shore-Birds/SensitivityAnalysis/SampleSize_100/FLSNPL_2M_Ceiling_100/snpl41.mp",442,2.84,3.5,3.14,1.1013,"CE",1.18825181509528,1.1013,0.1529347,0.09244434,0.126362530961764,0.394804885692616,0.129480720407887,0.262142803050251,3.4,1.36772291820192,0.155306567071273,3,"M-Juvenile",0,0,0,91,0,0.158,1,0.08,315.965,2.01161735411568,437.927,60.7094828862206,-0.00921493212669679,2.91,0.2932,315.8,418,466,476,485,0,0,0,0,FALSE,100,1250,0.04708,0.008005,0.06859,0.008005,0.0060325,0.0099775,0.0281166666666667,0.004785,0.04065,0.004785,0.0039175,0.0056525,TRUE,856.6236,"HI.KCH",0.7139622,0.3873678
"/Users/mlammens/Dropbox/RA-FL-Shore-Birds/SensitivityAnalysis/SampleSize_100/FLSNPL_2M_Ceiling_100/snpl42.mp",568,3.81,3.48,3.64,0.9655,"CE",1.22878792337747,0.9655,0.1882488,0.09191136,0.148130531624121,0.743636093580632,0.12902342601751,0.436329759799071,19.2105263157895,2.98064125831821,0.497568389057751,3,"M-Juvenile",0.725,0,0.725,73.2941176470588,0.984,1,1,1,4.402,0.384109276034745,8.337,28.1348716364941,-0.985322183098592,0.323,0.563,0,0,0,1,49.05,0,0,0,0,FALSE,100,1250,0.0495,0.01162,0.07299,0.01162,0.00707,0.01617,0.03387,0.008845,0.04985,0.008845,0.0053775,0.0123125,TRUE,1707.49695,"HI.KCH",0.7123618,0.2531464
"/Users/mlammens/Dropbox/RA-FL-Shore-Birds/SensitivityAnalysis/SampleSize_100/FLSNPL_2M_Ceiling_100/snpl43.mp",616,2.55,3.23,2.85,1.1351,"CE",1.06446138706757,1.1351,0.1913227,0.05353457,0.140481895133101,0.429782384741907,0.0775880312743076,0.253685208008107,2.93172690763052,1.19711700708696,0.0897162083089527,3,"M-Juvenile",0,0,0,91,0,0.016,1,0.105,370.907,1.44616518584315,458.785,41.2488817453909,-0.255219155844156,2.989,0.1044,364.95,451,476,484,487,0,0,0,0,FALSE,100,1250,0.04211,0.01517,0.06089,0.01517,0.00986,0.02048,0.02773,0.00937,0.040215,0.00937,0.006065,0.012675,TRUE,2866.573,"HI.KCH",0.6899849,0.4451618
"/Users/mlammens/Dropbox/RA-FL-Shore-Birds/SensitivityAnalysis/SampleSize_100/FLSNPL_2M_Ceiling_100/snpl44.mp",457,3.15,3.91,3.49,1.0907,"CE",1.01576642518168,1.0907,0.1864668,0.1146326,0.154774837239456,0.537973093093994,0.15405447865306,0.346013785873527,6.17721518987342,1.50380008512191,0.201214181641574,3,"M-Juvenile",0.002,0,0.002,91,0.034,0.988,1,0.943,150.644,1.70836230518171,256.65,65.4867774288674,-0.438402625820569,2.354,0.7037,119.95,221,284.5,304,318.05,0,0,0,0,FALSE,100,1250,0.0481966666666667,0.013335,0.070935,0.013335,0.0080275,0.0186425,0.0340566666666667,0.008265,0.0504,0.008265,0.0048175,0.0117125,TRUE,825.02039,"LO.KCH",0.7441043,0.3466099
"/Users/mlammens/Dropbox/RA-FL-Shore-Birds/SensitivityAnalysis/SampleSize_100/FLSNPL_2M_Ceiling_100/snpl45.mp",482,2.87,3.77,3.27,1.1269,"CE",1.03364779393182,1.1269,0.1946545,0.1221361,0.162492463353628,0.496390952709431,0.166219508211892,0.331305230460662,9.76,1.36541509537083,0.154482439926063,3,"M-Juvenile",0,0,0,91,0.013,0.947,1,0.923,173.093,1.62085147700538,282.732,50.9964195881516,-0.413419087136929,2.566,0.5899,166,269,304,315,324,0,0,0,0,FALSE,100,1250,0.0258366666666667,0.010215,0.03753,0.010215,0.0063325,0.0140975,0.0138333333333333,0.0061,0.019965,0.0061,0.003835,0.008365,TRUE,767.5603,"LO.KCH",0.734788,0.3921395
"/Users/mlammens/Dropbox/RA-FL-Shore-Birds/SensitivityAnalysis/SampleSize_100/FLSNPL_2M_Ceiling_100/snpl46.mp",466,3.39,4.14,3.73,1.0758,"CE",1.2112154698219,1.0758,0.20545,0.04339467,0.148480301529208,0.646983708103121,0.057233056439912,0.352108382271516,2.85380116959064,1.36160271839162,0.153117505995204,3,"M-Juvenile",0,0,0,91,0.003,0.965,1,0.883,184.524,1.34073823060395,264.699,50.2770940407775,-0.431976394849785,2.388,0.6339,157.9,240,278,303,316,0,0,0,0,FALSE,100,1250,0.03792,0.01128,0.055005,0.01128,0.007515,0.015045,0.0279766666666667,0.009345,0.040475,0.009345,0.0061625,0.0125275,TRUE,2165.93994,"LO.KCH",0.7582099,0.3175505
"/Users/mlammens/Dropbox/RA-FL-Shore-Birds/SensitivityAnalysis/SampleSize_100/FLSNPL_2M_Ceiling_100/snpl47.mp",474,2.79,3.53,3.12,1.1184,"CE",1.02068489851281,1.1184,0.2103556,0.0415384,0.151616155349488,0.523897273540318,0.0579398426246393,0.290918558082479,2.46558704453441,1.2571160207457,0.113913515469513,3,"M-Juvenile",0,0,0,91,0,0.173,1,0.124,286.261,1.33499703973308,367.925,40.1706242676667,-0.223786919831224,2.71,0.5061,282.95,354,383,395,402,0,0,0,0,FALSE,100,1250,0.0528233333333333,0.00631,0.077915,0.00631,0.004475,0.008145,0.0326633333333333,0.00365,0.04805,0.00365,0.00277,0.00453,TRUE,2022.84204,"ME.KCH",0.7169229,0.4015207
"/Users/mlammens/Dropbox/RA-FL-Shore-Birds/SensitivityAnalysis/SampleSize_100/FLSNPL_2M_Ceiling_100/snpl48.mp",566,3.14,3.19,3.16,1.0071,"CE",1.06355795683486,1.0071,0.1620002,0.06822471,0.124295365671098,0.50521792797909,0.0993880090861931,0.302302968532642,6.2680412371134,1.77626781571097,0.279608404966571,3,"M-Juvenile",0.097,0,0.097,91,0.477,0.998,1,0.999,68.655,1.88633831728225,124.219,114.076318512851,-0.780531802120141,1.591,0.9058,0,28,90,202.25,369.2,0,0,0,0,FALSE,100,1250,0.04542,0.00821,0.06651,0.00821,0.005725,0.010695,0.02716,0.00558,0.03984,0.00558,0.00369,0.00747,TRUE,1391.44104,"ME.KCH",0.6864481,0.3206541
"/Users/mlammens/Dropbox/RA-FL-Shore-Birds/SensitivityAnalysis/SampleSize_100/FLSNPL_2M_Ceiling_100/snpl49.mp",582,3.62,3.3,3.46,0.9629,"CE",1.23845041432474,0.9629,0.2144027,0.03507862,0.153621332093551,0.806373201667487,0.0503261717578728,0.42834968671268,6.75,2.28909636545515,0.391930251419303,3,"M-Juvenile",0.823,0,0.823,64.4444444444444,1,1,1,1,2.197,0.213456681213671,4.241,15.8877732971093,-0.992713058419244,0.191,0.4274,0,0,0,0,26,0,0,0,0,FALSE,100,1250,0.0469866666666667,0.012625,0.06861,0.012625,0.0081825,0.0170675,0.03092,0.006915,0.04522,0.006915,0.0046175,0.0092125,TRUE,1039.43506,"LO.KCH",0.6970254,0.2658852
"/Users/mlammens/Dropbox/RA-FL-Shore-Birds/SensitivityAnalysis/SampleSize_100/FLSNPL_2M_Ceiling_100/snpl5.mp",507,3.81,2.81,3.25,0.8732,"CE",1.10410949402521,0.8732,0.1899773,0.04093026,0.137416630541863,0.829227294789735,0.063548163472847,0.446387729131291,48.3333333333333,5.34828496042216,0.684954280964256,3,"M-Juvenile",1,0,1,32.6774193548387,1,1,1,1,0,0,0,0,-1,0,0,0,0,0,0,0,0,0,0,0,FALSE,100,1250,0.0493433333333333,0.01395,0.072055,0.01395,0.008935,0.018965,0.0320566666666667,0.011175,0.046785,0.011175,0.0068875,0.0154625,TRUE,2223.83789,"HI.KCH",0.6440825,0.2291016
"/Users/mlammens/Dropbox/RA-FL-Shore-Birds/SensitivityAnalysis/SampleSize_100/FLSNPL_2M_Ceiling_100/snpl50.mp",535,2.64,2.76,2.7,1.028,"CE",1.21296759871965,1.028,0.1445273,0.03659974,0.105422202152482,0.370772484899327,0.0573470022816748,0.214059743590501,2.85380116959064,1.46642636128744,0.189110191412313,3,"M-Juvenile",0.004,0,0.004,91,0.099,1,1,1,127.463,1.7216476706056,202.237,80.2480066641756,-0.62198691588785,1.502,0.6697,49.85,148.75,212,273,300,0,0,0,0,FALSE,100,1250,0.0386766666666667,0.009835,0.057085,0.009835,0.0058475,0.0138225,0.0219833333333333,0.005445,0.03237,0.005445,0.0033275,0.0075625,TRUE,1282.59497,"LO.KCH",0.6382154,0.3898005
"/Users/mlammens/Dropbox/RA-FL-Shore-Birds/SensitivityAnalysis/SampleSize_100/FLSNPL_2M_Ceiling_100/snpl51.mp",419,2.81,4.21,3.39,1.1842,"CE",1.11855087317402,1.1842,0.1439946,0.1429913,0.143493826879155,0.341363175915545,0.18755709854338,0.264460137229463,4.68589743589744,1.2937807696172,0.128077091546211,3,"M-Juvenile",0,0,0,91,0,0.271,1,0.157,299.746,2.57853026010988,461.921,48.3210273140036,0.102436754176611,2.98,0.1401,344.95,465,482,486,487,0,0,0,0,FALSE,100,1250,0.0258966666666667,0.00848,0.03748,0.00848,0.005605,0.011355,0.01358,0.00475,0.01957,0.00475,0.003175,0.006325,TRUE,2894.37891,"HI.KCH",0.7623881,0.4218223
"/Users/mlammens/Dropbox/RA-FL-Shore-Birds/SensitivityAnalysis/SampleSize_100/FLSNPL_2M_Ceiling_100/snpl52.mp",436,3.26,4.07,3.63,1.0883,"CE",1.15056177325632,1.0883,0.1829519,0.1350767,0.160805958528439,0.547962794626157,0.179040912139504,0.36350185338283,25.7368421052632,1.66820401519262,0.250432130147433,3,"M-Juvenile",0.006,0,0.006,91,0.09,0.994,1,0.953,126.548,1.73162531230697,244.26,78.7238708896345,-0.439770642201835,2.417,0.7097,78.9,197,275,305,322,0,0,0,0,FALSE,100,1250,0.0425466666666667,0.016325,0.062175,0.016325,0.0098075,0.0228425,0.0276766666666667,0.01074,0.040585,0.01074,0.0063,0.01518,TRUE,1485.75806,"LO.KCH",0.754446,0.3338765
"/Users/mlammens/Dropbox/RA-FL-Shore-Birds/SensitivityAnalysis/SampleSize_100/FLSNPL_2M_Ceiling_100/snpl53.mp",588,2.7,3.27,2.96,1.1021,"CE",1.11594725207684,1.1021,0.1825774,0.1183388,0.153848267094888,0.447262541804381,0.170541355401038,0.30890194860271,6.02469135802469,1.46055674267482,0.187175826790388,3,"M-Juvenile",0,0,0,91,0.023,0.977,1,1,158.354,1.61110904545793,264.952,63.6854106332646,-0.549401360544218,2.478,0.6511,125,235,297,309,323,0,0,0,0,FALSE,100,1250,0.0362433333333333,0.0099,0.052415,0.0099,0.0069,0.0129,0.0189866666666667,0.005795,0.027275,0.005795,0.0041025,0.0074875,TRUE,2189.71411,"LO.KCH",0.6939009,0.4082108
"/Users/mlammens/Dropbox/RA-FL-Shore-Birds/SensitivityAnalysis/SampleSize_100/FLSNPL_2M_Ceiling_100/snpl54.mp",555,3.36,3.84,3.59,1.0523,"CE",1.06967126713594,1.0523,0.157456,0.08224453,0.125611613019897,0.50339076469001,0.111219606460605,0.307305185575308,5.67441860465116,1.44968477206596,0.183568423657511,3,"M-Juvenile",0,0,0,91,0.04,0.988,1,1,149.519,1.64398367428674,239.99,70.7845629664714,-0.567585585585586,2.227,0.7183,95.9,198,259,300,315,0,0,0,0,FALSE,100,1250,0.0441933333333333,0.010865,0.06427,0.010865,0.0074525,0.0142775,0.0288933333333333,0.006085,0.04169,0.006085,0.0046925,0.0074775,TRUE,1592.72302,"LO.KCH",0.7394787,0.3127908
"/Users/mlammens/Dropbox/RA-FL-Shore-Birds/SensitivityAnalysis/SampleSize_100/FLSNPL_2M_Ceiling_100/snpl55.mp",429,3.19,3.82,3.48,1.0748,"CE",1.24664736279693,1.0748,0.1487915,0.09501866,0.124834803281067,0.441585548880941,0.128770363913541,0.285177956397241,4.20114942528736,1.57471763683753,0.223215792137675,3,"M-Juvenile",0,0,0,91,0.001,0.359,1,0.22,270.586,2.19706706946049,412.465,78.3527020652187,-0.0385431235431236,2.747,0.4932,245.95,377.75,450,469,483,0,0,0,0,FALSE,100,1250,0.0469866666666667,0.01313,0.06949,0.01313,0.007555,0.018705,0.0310033333333333,0.00879,0.04597,0.00879,0.00493,0.01265,TRUE,1002.54901,"HI.KCH",0.7378923,0.3369483
"/Users/mlammens/Dropbox/RA-FL-Shore-Birds/SensitivityAnalysis/SampleSize_100/FLSNPL_2M_Ceiling_100/snpl56.mp",598,2.7,3.98,3.24,1.1885,"CE",1.05948266897317,1.1885,0.1974166,0.05177238,0.144315094994294,0.448607207652677,0.0691700245831552,0.258888616117916,1.71578947368421,1.10682425903872,0.0507039249146757,3,"M-Juvenile",0,0,0,91,0,0.146,1,0.964,272.224,0.708762420115632,312.023,15.9372666247217,-0.478222408026756,2.784,0.4213,282.95,311.75,316,320,325,0,0,0,0,FALSE,100,1250,0.04795,0.00644,0.069915,0.00644,0.00523,0.00765,0.0313133333333333,0.004715,0.045375,0.004715,0.0039525,0.0054775,TRUE,2473.18896,"LO.KCH",0.74848,0.4400656
"/Users/mlammens/Dropbox/RA-FL-Shore-Birds/SensitivityAnalysis/SampleSize_100/FLSNPL_2M_Ceiling_100/snpl57.mp",422,3.01,2.98,2.99,0.995,"CE",1.10156856197583,0.995,0.2161613,0.07630444,0.162092682101018,0.653340309186243,0.114893450430502,0.384116879808372,15.2083333333333,2.97637330183107,0.497029114676174,3,"M-Juvenile",0.449,0,0.449,91,0.839,1,1,0.999,22.095,1.12520133889587,48.677,85.6568839777211,-0.884651658767772,0.805,0.8842,0,0,4,61,245.3,0,0,0,0,FALSE,100,1250,0.0536566666666667,0.006995,0.0794,0.006995,0.0045825,0.0094075,0.0296466666666667,0.00462,0.043775,0.00462,0.003005,0.006235,TRUE,2246.75708,"HI.KCH",0.6641322,0.3308556
"/Users/mlammens/Dropbox/RA-FL-Shore-Birds/SensitivityAnalysis/SampleSize_100/FLSNPL_2M_Ceiling_100/snpl58.mp",455,2.6,3.75,3.09,1.1912,"CE",1.22418211398562,1.1912,0.1587213,0.03021898,0.114248933968616,0.346541328841491,0.0412144179501259,0.193877873395809,1.2347972972973,1.05775394920297,0.0280664990220733,3,"M-Juvenile",0,0,0,91,0,0,1,0,436.344,0.556878602370191,479.644,9.79035827307229,0.0541626373626374,2.983,0.1293,464,477.75,483,486,487,0,0,0,0,FALSE,100,1250,0.04337,0.009955,0.06326,0.009955,0.0067725,0.0131375,0.0276933333333333,0.00608,0.040195,0.00608,0.004385,0.007775,TRUE,2923.60596,"HI.KCH",0.7332138,0.4580155
"/Users/mlammens/Dropbox/RA-FL-Shore-Birds/SensitivityAnalysis/SampleSize_100/FLSNPL_2M_Ceiling_100/snpl59.mp",445,3.85,3.68,3.76,0.9837,"CE",1.09478075767604,0.9837,0.1641615,0.03887996,0.119290924574864,0.642613380140547,0.0533873468836821,0.348000363512114,9.01234567901234,2.51158106747231,0.430455979351878,3,"M-Juvenile",0.307,0,0.307,91,0.845,1,1,1,23.963,1.13208535378224,42.996,73.2249949394596,-0.903379775280899,0.97,0.8329,0,0,12,52,190.3,0,0,0,0,FALSE,100,1250,0.0398766666666667,0.01175,0.058165,0.01175,0.007525,0.015975,0.0232833333333333,0.00851,0.03386,0.00851,0.00532,0.0117,TRUE,2928.16895,"HI.KCH",0.7282617,0.2554592
"/Users/mlammens/Dropbox/RA-FL-Shore-Birds/SensitivityAnalysis/SampleSize_100/FLSNPL_2M_Ceiling_100/snpl6.mp",520,3.35,3.17,3.26,0.9759,"CE",1.13694597931026,0.9759,0.1653404,0.07335172,0.127902155374955,0.567661370589554,0.107146167755559,0.337403769172556,11.0363636363636,2.21024649589173,0.376994881059922,3,"M-Juvenile",0.544,0,0.544,87.3333333333333,0.924,1,1,1,11.867,0.780886095467255,21.831,50.8702095259811,-0.958017307692308,0.582,0.7251,0,0,0,19,115.1,0,0,0,0,FALSE,100,1250,0.05241,0.00645,0.077365,0.00645,0.004475,0.008425,0.03321,0.00399,0.04898,0.00399,0.00283,0.00515,TRUE,2451.2749,"ME.KCH",0.6845949,0.2912659
"/Users/mlammens/Dropbox/RA-FL-Shore-Birds/SensitivityAnalysis/SampleSize_100/FLSNPL_2M_Ceiling_100/snpl60.mp",548,3.44,3.06,3.24,0.9489,"CE",1.12115279988969,0.9489,0.1390597,0.1186736,0.129269144618989,0.50470260735751,0.176231388194028,0.340466997775769,75.5,2.84733893557423,0.480160174736076,3,"M-Juvenile",0.905,0,0.905,59.2083333333333,0.995,1,1,1,1.194,0.198549202430495,2.008,12.6715628280218,-0.996335766423358,0.106,0.3419,0,0,0,0,9,0,0,0,0,FALSE,100,1250,0.04079,0.005115,0.05972,0.005115,0.0040225,0.0062075,0.02195,0.0033,0.03206,0.0033,0.002515,0.004085,TRUE,1592.01697,"ME.KCH",0.6733965,0.275528
"/Users/mlammens/Dropbox/RA-FL-Shore-Birds/SensitivityAnalysis/SampleSize_100/FLSNPL_2M_Ceiling_100/snpl61.mp",479,2.81,3.48,3.12,1.1073,"CE",1.12247065888529,1.1073,0.1857606,0.03159903,0.133239444627522,0.471063515771803,0.0443213243169397,0.257692420044371,2.29577464788732,1.21889354903136,0.0986498649864987,3,"M-Juvenile",0,0,0,91,0,0.685,1,0.56,232.247,0.989782633036497,291.052,31.1693892597662,-0.392375782881002,2.347,0.6746,221,279.75,301,313,319,0,0,0,0,FALSE,100,1250,0.0411833333333333,0.008005,0.060705,0.008005,0.0050725,0.0109375,0.0278233333333333,0.00585,0.041025,0.00585,0.003635,0.008065,TRUE,2755.34399,"LO.KCH",0.7129532,0.394343
"/Users/mlammens/Dropbox/RA-FL-Shore-Birds/SensitivityAnalysis/SampleSize_100/FLSNPL_2M_Ceiling_100/snpl62.mp",579,2.54,3.45,2.94,1.1698,"CE",1.20251564585137,1.1698,0.1710823,0.07755393,0.132822749240736,0.372128457851929,0.109216704534989,0.240672581193459,1.61920529801324,1.14775640285444,0.0687956989247312,3,"M-Juvenile",0,0,0,91,0,0.348,1,0.867,258.545,0.891334085206805,308.007,20.4131243724876,-0.468036269430052,2.761,0.467,261.95,306,315,319,325,0,0,0,0,FALSE,100,1250,0.0376666666666667,0.010175,0.05462,0.010175,0.0069675,0.0133825,0.02277,0.00569,0.03274,0.00569,0.00426,0.00712,TRUE,2647.26709,"LO.KCH",0.7100922,0.4597399
"/Users/mlammens/Dropbox/RA-FL-Shore-Birds/SensitivityAnalysis/SampleSize_100/FLSNPL_2M_Ceiling_100/snpl63.mp",554,3.88,3.31,3.58,0.9399,"CE",1.18804385563751,0.9399,0.1369246,0.08027915,0.112234326321947,0.565584909650722,0.115040863727008,0.340312886688865,9.49019607843137,2.35449967155682,0.40378590078329,3,"M-Juvenile",0.932,0,0.932,56.75,0.999,1,1,1,0.531,0.102759907544716,0.773,5.44895973211054,-0.998604693140794,0.07,0.263,0,0,0,0,2,0,0,0,0,FALSE,100,1250,0.0451533333333333,0.0107,0.0666,0.0107,0.00648,0.01492,0.0274666666666667,0.00684,0.04062,0.00684,0.004,0.00968,TRUE,1744.66199,"LO.KCH",0.6978316,0.2420938
"/Users/mlammens/Dropbox/RA-FL-Shore-Birds/SensitivityAnalysis/SampleSize_100/FLSNPL_2M_Ceiling_100/snpl64.mp",493,2.78,3.02,2.89,1.0448,"CE",1.02347903617347,1.0448,0.2009337,0.09469323,0.157068710447885,0.534291280041864,0.141594071464512,0.337942675753188,7.06976744186047,1.76830808080808,0.277537058152794,3,"M-Juvenile",0.024,0,0.024,91,0.173,0.987,1,0.985,113.35,1.9964662224484,223.034,120.046057410895,-0.547598377281947,2.072,0.8328,20.95,121.75,227,339,387,0,0,0,0,FALSE,100,1250,0.0486233333333333,0.006025,0.07132,0.006025,0.0046275,0.0074225,0.0299166666666667,0.003465,0.043795,0.003465,0.0028125,0.0041175,TRUE,958.80731,"ME.KCH",0.6687655,0.3760752
"/Users/mlammens/Dropbox/RA-FL-Shore-Birds/SensitivityAnalysis/SampleSize_100/FLSNPL_2M_Ceiling_100/snpl65.mp",570,3.66,3.37,3.51,0.9674,"CE",1.02636080549036,0.9674,0.1697745,0.07069398,0.130040416137619,0.642144631329791,0.100558438460463,0.371351534895127,14.58,2.65825446898002,0.45329117562518,3,"M-Juvenile",0.645,0,0.645,78.780487804878,0.97,1,1,1,6.918,0.561714161116487,11.469,36.0491967120432,-0.979878947368421,0.449,0.6884,0,0,0,6.25,57,0,0,0,0,FALSE,100,1250,0.0506533333333333,0.009255,0.07376,0.009255,0.0068475,0.0116625,0.02696,0.005095,0.03917,0.005095,0.0038175,0.0063725,TRUE,2578.01904,"HI.KCH",0.7030139,0.2643867
"/Users/mlammens/Dropbox/RA-FL-Shore-Birds/SensitivityAnalysis/SampleSize_100/FLSNPL_2M_Ceiling_100/snpl66.mp",413,2.83,3.26,3.03,1.0716,"CE",1.08889400018415,1.0716,0.1671467,0.08512315,0.132634780481615,0.44162799207881,0.122814485859615,0.282221238969213,8.13333333333333,1.51982290702619,0.206293428628152,3,"M-Juvenile",0,0,0,91,0.01,0.737,1,0.447,207.524,1.91168930006421,325.847,70.9778941111418,-0.211024213075061,2.327,0.7215,175.95,285,349,378,398.05,0,0,0,0,FALSE,100,1250,0.0459633333333333,0.00616,0.06819,0.00616,0.003835,0.008485,0.0292366666666667,0.00426,0.043365,0.00426,0.00262,0.0059,TRUE,2419.74097,"ME.KCH",0.6931035,0.3784785
"/Users/mlammens/Dropbox/RA-FL-Shore-Birds/SensitivityAnalysis/SampleSize_100/FLSNPL_2M_Ceiling_100/snpl67.mp",529,2.66,3.42,3,1.1331,"CE",1.03934456122757,1.1331,0.1548262,0.1446328,0.149816219152467,0.363656905023629,0.204477147085115,0.284067026054372,3.36551724137931,1.36210606597118,0.153297970479705,3,"M-Juvenile",0.001,0,0.001,91,0.02,0.96,1,0.986,165.538,1.70271541832327,275.144,54.9288489087696,-0.479879017013232,2.243,0.727,146.95,257,299,310,318,0,0,0,0,FALSE,100,1250,0.0524933333333333,0.012685,0.0778,0.012685,0.0072825,0.0180875,0.03047,0.009675,0.04517,0.009675,0.0053725,0.0139775,TRUE,542.78632,"LO.KCH",0.7073299,0.425748
"/Users/mlammens/Dropbox/RA-FL-Shore-Birds/SensitivityAnalysis/SampleSize_100/FLSNPL_2M_Ceiling_100/snpl68.mp",615,3.3,3.22,3.26,0.9896,"CE",1.15671079865826,0.9896,0.1589939,0.137089,0.148446040968107,0.530300852216159,0.198737228731272,0.364519040473715,28.7058823529412,2.40224453632605,0.412152777777778,3,"M-Juvenile",0.547,0,0.547,85.8823529411765,0.913,1,1,1,14.054,0.833237882821808,27.822,55.628093629036,-0.954760975609756,0.585,0.7316,0,0,0,31,149.05,0,0,0,0,FALSE,100,1250,0.0424833333333333,0.00856,0.062455,0.00856,0.00555,0.01157,0.0275133333333333,0.00508,0.04034,0.00508,0.00347,0.00669,TRUE,2333.43896,"LO.KCH",0.6898003,0.2998183
"/Users/mlammens/Dropbox/RA-FL-Shore-Birds/SensitivityAnalysis/SampleSize_100/FLSNPL_2M_Ceiling_100/snpl69.mp",602,3.55,2.9,3.2,0.9114,"CE",1.09358214251311,0.9114,0.1996851,0.1024969,0.158713190490929,0.7788525557592,0.1564772949158,0.4676649253375,27.5,4.45827232796486,0.633583690987124,3,"M-Juvenile",0.999,0,0.999,39.1267605633803,1,1,1,1,0.004,0.004,0.011,0.347850542618522,-0.999981727574751,0.001,0.0316,0,0,0,0,0,0,0,0,0,FALSE,100,1250,0.0394933333333333,0.00629,0.057005,0.00629,0.00538,0.0072,0.02284,0.0036,0.03291,0.0036,0.00315,0.00405,TRUE,2837.82104,"ME.KCH",0.6550273,0.2563837
"/Users/mlammens/Dropbox/RA-FL-Shore-Birds/SensitivityAnalysis/SampleSize_100/FLSNPL_2M_Ceiling_100/snpl7.mp",521,3.56,2.8,3.15,0.8941,"CE",1.11195042294832,0.8941,0.1846206,0.1019908,0.149142363580909,0.735671546156445,0.158581864154918,0.447126705155682,156.666666666667,4.52829040762523,0.638224504768892,3,"M-Juvenile",1,0,1,35.5180722891566,1,1,1,1,0,0,0,0,-1,0,0,0,0,0,0,0,0,0,0,0,FALSE,100,1250,0.0401366666666667,0.005415,0.058665,0.005415,0.0042475,0.0065825,0.0250466666666667,0.00293,0.0366,0.00293,0.002435,0.003425,TRUE,1996.49805,"LO.KCH",0.6431429,0.2509552
"/Users/mlammens/Dropbox/RA-FL-Shore-Birds/SensitivityAnalysis/SampleSize_100/FLSNPL_2M_Ceiling_100/snpl70.mp",609,3.54,4.13,3.81,1.056,"CE",1.18237290209881,1.056,0.2081362,0.1094417,0.166280130276185,0.697516255233813,0.144458535738017,0.420987395485915,6.46017699115044,1.75789473684211,0.274809160305344,3,"M-Juvenile",0.01,0,0.01,91,0.105,0.867,1,0.963,157.777,2.52537458365839,308.857,137.99055744849,-0.492845648604269,2.645,0.6492,53.95,205,336,436.25,477,0,0,0,0,FALSE,100,1250,0.04873,0.01125,0.071435,0.01125,0.007285,0.015215,0.03083,0.005875,0.045365,0.005875,0.0038175,0.0079325,TRUE,883.1803,"HI.KCH",0.7575994,0.2983962
"/Users/mlammens/Dropbox/RA-FL-Shore-Birds/SensitivityAnalysis/SampleSize_100/FLSNPL_2M_Ceiling_100/snpl71.mp",563,2.81,2.83,2.82,1.003,"CE",1.07643614701227,1.003,0.1409154,0.02699671,0.101454355027234,0.39509441135684,0.0417690933547795,0.21843175235581,3.78260869565217,1.64818763326226,0.244766505636071,3,"M-Juvenile",0.067,0,0.067,91,0.369,0.99,1,0.996,85.035,2.05344062329384,143.873,114.182478995289,-0.744452930728242,1.536,0.812,0,45,124,227,370,0,0,0,0,FALSE,100,1250,0.0482633333333333,0.009665,0.070465,0.009665,0.0067625,0.0125675,0.0318133333333333,0.00596,0.046095,0.00596,0.004605,0.007315,TRUE,1986.62402,"ME.KCH",0.6463322,0.3566626
"/Users/mlammens/Dropbox/RA-FL-Shore-Birds/SensitivityAnalysis/SampleSize_100/FLSNPL_2M_Ceiling_100/snpl72.mp",489,3.03,2.99,3.01,0.9947,"CE",1.09141381799739,0.9947,0.1885861,0.1476903,0.169377008220272,0.573865353231639,0.221747451651151,0.397806402441395,44.3636363636364,2.60497056899935,0.445210449927431,3,"M-Juvenile",0.598,0,0.598,78.96,0.934,1,1,1,10.756,0.68079067262995,27.11,59.31745493917,-0.944560327198364,0.499,0.6888,0,0,0,20,176.1,0,0,0,0,FALSE,100,1250,0.04602,0.012375,0.067465,0.012375,0.0077525,0.0169975,0.03327,0.008365,0.04888,0.008365,0.0052075,0.0115225,TRUE,595.6828,"LO.KCH",0.6660293,0.3286243
"/Users/mlammens/Dropbox/RA-FL-Shore-Birds/SensitivityAnalysis/SampleSize_100/FLSNPL_2M_Ceiling_100/snpl73.mp",612,3.06,3.81,3.4,1.0956,"CE",1.22177721481927,1.0956,0.1553361,0.05804099,0.117256258859368,0.433774192719649,0.0787007359288223,0.256237464324236,2.31012658227848,1.23126494817964,0.103647461664434,3,"M-Juvenile",0,0,0,91,0,0.034,1,0.142,359.247,1.54313098739033,448.565,47.3301163627865,-0.267050653594771,2.942,0.2381,347.95,431,470,479,486,0,0,0,0,FALSE,100,1250,0.0501366666666667,0.00564,0.073775,0.00564,0.00425,0.00703,0.02701,0.003555,0.03971,0.003555,0.0025825,0.0045275,TRUE,2962.21289,"HI.KCH",0.7374898,0.3581036
"/Users/mlammens/Dropbox/RA-FL-Shore-Birds/SensitivityAnalysis/SampleSize_100/FLSNPL_2M_Ceiling_100/snpl74.mp",470,2.73,4.1,3.31,1.1923,"CE",1.23206441920543,1.1923,0.1635861,0.1490324,0.156478542239775,0.375180611146838,0.197048485205074,0.286114548175956,7.82051282051282,1.30637813211845,0.132839506172839,3,"M-Juvenile",0,0,0,91,0.004,0.514,1,0.453,241.753,2.34292323397082,378.661,51.6210306930209,-0.19433829787234,2.936,0.2568,267.95,384,399,404,406,0,0,0,0,FALSE,100,1250,0.0360266666666667,0.01142,0.052375,0.01142,0.007375,0.015465,0.0243933333333333,0.007405,0.03568,0.007405,0.0046125,0.0101975,TRUE,2303.51099,"ME.KCH",0.7563235,0.4360196
"/Users/mlammens/Dropbox/RA-FL-Shore-Birds/SensitivityAnalysis/SampleSize_100/FLSNPL_2M_Ceiling_100/snpl75.mp",586,2.78,3.13,2.95,1.0619,"CE",1.01235559630293,1.0619,0.2035307,0.1322991,0.171650513694687,0.53320557541494,0.194500208247482,0.363852891831211,9.125,1.86947256259989,0.303007797994801,3,"M-Juvenile",0.015,0,0.015,91,0.162,0.907,1,0.972,133.9,2.48779281957182,299.071,143.648845975002,-0.489639931740614,2.376,0.7995,45.9,185,322.5,439,474.05,0,0,0,0,FALSE,100,1250,0.0538166666666667,0.01186,0.07896,0.01186,0.007695,0.016025,0.03046,0.007135,0.04441,0.007135,0.0048475,0.0094225,TRUE,2394.71606,"HI.KCH",0.6802003,0.3817115
"/Users/mlammens/Dropbox/RA-FL-Shore-Birds/SensitivityAnalysis/SampleSize_100/FLSNPL_2M_Ceiling_100/snpl76.mp",429,3.5,3.33,3.42,0.9792,"CE",1.09757085507377,0.9792,0.1688536,0.1039402,0.140205391139214,0.604216867901006,0.148549536759008,0.376383202330007,28.0384615384615,3.0718954248366,0.508828250401284,3,"M-Juvenile",0.554,0,0.554,84.6666666666667,0.93,1,1,1,12.284,0.822195444738871,23.744,55.8676261859734,-0.944652680652681,0.564,0.7256,0,0,0,21,124.15,0,0,0,0,FALSE,100,1250,0.04051,0.006165,0.05986,0.006165,0.0039875,0.0083425,0.02452,0.00352,0.03619,0.00352,0.00235,0.00469,TRUE,1243.66394,"HI.KCH",0.6997006,0.2794586
"/Users/mlammens/Dropbox/RA-FL-Shore-Birds/SensitivityAnalysis/SampleSize_100/FLSNPL_2M_Ceiling_100/snpl77.mp",490,3.95,3.66,3.8,0.9731,"CE",1.14425654232528,0.9731,0.1939268,0.05010209,0.141629487008547,0.786469245150641,0.0689575634138819,0.427713404282262,12.7894736842105,2.6600566572238,0.453560371517028,3,"M-Juvenile",0.583,0,0.583,81.5625,0.947,0.999,1,0.999,10.05,0.695158071768389,18.089,43.9265366221789,-0.963083673469388,0.55,0.7403,0,0,0,15,96,0,0,0,0,FALSE,100,1250,0.0483233333333333,0.01551,0.0711,0.01551,0.00914,0.02188,0.0272733333333333,0.011,0.039995,0.011,0.006415,0.015585,TRUE,2608.25,"HI.KCH",0.7265641,0.246579
"/Users/mlammens/Dropbox/RA-FL-Shore-Birds/SensitivityAnalysis/SampleSize_100/FLSNPL_2M_Ceiling_100/snpl78.mp",447,3.06,4.18,3.55,1.1308,"CE",1.06651875269848,1.1308,0.1685605,0.07438185,0.130279126819442,0.455756148471805,0.0977459847676173,0.276751066619711,2.29577464788732,1.19115342895022,0.0872387238723872,3,"M-Juvenile",0,0,0,91,0,0.561,1,0.276,240.93,1.05228056828699,301.287,25.0927135893126,-0.325979865771812,2.605,0.5579,248,299,311,316,322.05,0,0,0,0,FALSE,100,1250,0.05413,0.01096,0.07958,0.01096,0.007095,0.014825,0.0313033333333333,0.008915,0.045775,0.008915,0.0056375,0.0121925,TRUE,2694.19312,"LO.KCH",0.7609709,0.369848
"/Users/mlammens/Dropbox/RA-FL-Shore-Birds/SensitivityAnalysis/SampleSize_100/FLSNPL_2M_Ceiling_100/snpl79.mp",594,2.93,2.98,2.96,1.0087,"CE",1.03132523007119,1.0087,0.1801691,0.0988512,0.145314253148564,0.52412386920954,0.148652623562892,0.336388246386216,12.4871794871795,1.91266473084655,0.313343558282209,3,"M-Juvenile",0.257,0,0.257,91,0.722,1,1,1,34.041,1.21177213646408,73.418,86.8737723845829,-0.876400673400673,1.099,0.859,0,0,37,119,271,0,0,0,0,FALSE,100,1250,0.0500266666666667,0.01255,0.07289,0.01255,0.008425,0.016675,0.0276433333333333,0.007185,0.039885,0.007185,0.0051725,0.0091975,TRUE,1509.67896,"LO.KCH",0.6649812,0.3437529
"/Users/mlammens/Dropbox/RA-FL-Shore-Birds/SensitivityAnalysis/SampleSize_100/FLSNPL_2M_Ceiling_100/snpl8.mp",512,2.45,2.86,2.64,1.0995,"CE",1.04613684851944,1.0995,0.1747199,0.08466085,0.137285292327205,0.388769425688079,0.130233496500452,0.259501461094266,2.83255813953488,1.34470997223255,0.147016038791496,3,"M-Juvenile",0,0,0,91,0,0.522,1,0.56,242.364,1.7389880918464,351.754,55.5272974739881,-0.31298046875,2.6,0.6036,231.9,330,375,390,400,0,0,0,0,FALSE,100,1250,0.0462533333333333,0.013705,0.067765,0.013705,0.0084675,0.0189425,0.0279033333333333,0.010755,0.04068,0.010755,0.0065525,0.0149575,TRUE,1726.54102,"ME.KCH",0.6500697,0.4494178
"/Users/mlammens/Dropbox/RA-FL-Shore-Birds/SensitivityAnalysis/SampleSize_100/FLSNPL_2M_Ceiling_100/snpl80.mp",516,2.67,3.11,2.87,1.0845,"CE",1.16230215092448,1.0845,0.1491256,0.03769954,0.108765113643051,0.366958082912876,0.0555922914817561,0.211275187197316,2.15194346289753,1.23711485439433,0.105991363799928,3,"M-Juvenile",0,0,0,91,0,0.153,1,0.194,292.855,1.28813324709141,366.78,40.3339612290738,-0.289186046511628,2.819,0.4055,285,353,381,394,404,0,0,0,0,FALSE,100,1250,0.04364,0.0136,0.06359,0.0136,0.00867,0.01853,0.0284733333333333,0.00805,0.041685,0.00805,0.00505,0.01105,TRUE,1560.797,"ME.KCH",0.6781433,0.4063832
"/Users/mlammens/Dropbox/RA-FL-Shore-Birds/SensitivityAnalysis/SampleSize_100/FLSNPL_2M_Ceiling_100/snpl81.mp",480,2.96,3.15,3.06,1.0312,"CE",1.12495547335928,1.0312,0.2006138,0.06467569,0.149045029483402,0.576237000372834,0.0946889959018073,0.33546299813732,5.12631578947368,1.68174962292609,0.25421822272216,3,"M-Juvenile",0.045,0,0.045,91,0.3,1,1,0.999,81.599,1.57871483794241,158.064,95.395997297058,-0.6707,1.626,0.7891,2,82,155.5,242,301,0,0,0,0,FALSE,100,1250,0.0424033333333333,0.013835,0.062105,0.013835,0.0084175,0.0192525,0.02836,0.009365,0.041685,0.009365,0.0055375,0.0131925,TRUE,798.16241,"LO.KCH",0.6830328,0.3481446
"/Users/mlammens/Dropbox/RA-FL-Shore-Birds/SensitivityAnalysis/SampleSize_100/FLSNPL_2M_Ceiling_100/snpl82.mp",567,2.96,4.03,3.43,1.1349,"CE",1.2022528570061,1.1349,0.1399398,0.04517903,0.103981470406464,0.365204142987778,0.0601011471610445,0.212652645074411,1.46492985971944,1.09828659741726,0.0468413597733712,3,"M-Juvenile",0,0,0,91,0,0,1,0,418.994,0.856233086898129,472.297,18.2706488009487,-0.167024691358025,2.958,0.2007,431.95,470,478,484,487,0,0,0,0,FALSE,100,1250,0.0337166666666667,0.01012,0.05005,0.01012,0.005585,0.014655,0.0197866666666667,0.005155,0.029385,0.005155,0.0028725,0.0074375,TRUE,2109.48901,"HI.KCH",0.7517166,0.3831824
"/Users/mlammens/Dropbox/RA-FL-Shore-Birds/SensitivityAnalysis/SampleSize_100/FLSNPL_2M_Ceiling_100/snpl83.mp",549,2.92,3.43,3.16,1.0769,"CE",1.19980328751339,1.0769,0.1740281,0.1288742,0.153124686147025,0.472426681173796,0.181901766367097,0.327164223770446,12.7083333333333,1.61777301927195,0.2359918200409,3,"M-Juvenile",0.002,0,0.002,91,0.069,0.899,1,0.961,159.333,2.21994375182374,301.39,100.483007193927,-0.451020036429873,2.601,0.6182,93.95,232,339,383,401,0,0,0,0,FALSE,100,1250,0.0418266666666667,0.013395,0.060845,0.013395,0.0085925,0.0181975,0.0301466666666667,0.009665,0.04409,0.009665,0.0059625,0.0133675,TRUE,1436.30396,"ME.KCH",0.7084824,0.3683706
"/Users/mlammens/Dropbox/RA-FL-Shore-Birds/SensitivityAnalysis/SampleSize_100/FLSNPL_2M_Ceiling_100/snpl84.mp",589,2.47,2.93,2.68,1.106,"CE",1.1073179179277,1.106,0.1906282,0.061988,0.141742059352967,0.425658640563465,0.094188493377647,0.259923566970556,2.65217391304348,1.28742690671306,0.125655121861829,3,"M-Juvenile",0,0,0,91,0,0.379,1,0.721,260.712,1.6385804838341,356.222,51.5274469947211,-0.39520882852292,2.717,0.5111,247.9,335,376,391,403.05,0,0,0,0,FALSE,100,1250,0.05477,0.01561,0.080485,0.01561,0.009475,0.021745,0.0347666666666667,0.01097,0.051155,0.01097,0.00648,0.01546,TRUE,1314.87097,"ME.KCH",0.6581271,0.4478429
"/Users/mlammens/Dropbox/RA-FL-Shore-Birds/SensitivityAnalysis/SampleSize_100/FLSNPL_2M_Ceiling_100/snpl85.mp",451,2.7,3.56,3.08,1.1425,"CE",1.234041921489,1.1425,0.1793808,0.06244078,0.134306221776298,0.423376070413513,0.0868643877987387,0.255120229106126,2.08191126279863,1.1877800019064,0.0858313001045661,3,"M-Juvenile",0,0,0,91,0,0.054,1,0.017,316.853,1.12888785039913,385.03,26.8852360212053,-0.146274944567628,2.944,0.2343,324.95,382,395,402,406,0,0,0,0,FALSE,100,1250,0.0466766666666667,0.014405,0.068735,0.014405,0.0084825,0.0203275,0.0256566666666667,0.009595,0.03783,0.009595,0.0054525,0.0137375,TRUE,1792.16296,"ME.KCH",0.7188306,0.4236914
"/Users/mlammens/Dropbox/RA-FL-Shore-Birds/SensitivityAnalysis/SampleSize_100/FLSNPL_2M_Ceiling_100/snpl86.mp",517,3.49,3.34,3.41,0.9825,"CE",1.23658136271822,0.9825,0.1463206,0.131931,0.139311712977337,0.519132648988366,0.188289086993951,0.353710867991159,19.2105263157895,2.88360918312867,0.485015122353588,3,"M-Juvenile",0.542,0,0.542,86.3,0.896,1,1,1,16.215,1.0479613532941,32.566,74.8243832739858,-0.937009671179884,0.747,0.9674,0,0,0,28,170.15,0,0,0,0,FALSE,100,1250,0.0291933333333333,0.01189,0.041325,0.01189,0.00841,0.01537,0.01656,0.007355,0.02319,0.007355,0.0053275,0.0093825,TRUE,1525.86401,"HI.KCH",0.7006832,0.2818559
"/Users/mlammens/Dropbox/RA-FL-Shore-Birds/SensitivityAnalysis/SampleSize_100/FLSNPL_2M_Ceiling_100/snpl87.mp",421,2.45,2.77,2.6,1.0771,"CE",1.07109683629634,1.0771,0.1360295,0.05696437,0.104280785190146,0.310031680189625,0.0892353962266161,0.199633538208121,2.15929203539823,1.27042017686149,0.119105784743028,3,"M-Juvenile",0,0,0,91,0.001,0.82,1,0.402,214.793,1.21701325887283,279.918,39.1410692150751,-0.335111638954869,2.262,0.7084,197.95,265,299,304,316,0,0,0,0,FALSE,100,1250,0.0577866666666667,0.011265,0.08514,0.011265,0.0071725,0.0153575,0.0352,0.008995,0.05196,0.008995,0.0053375,0.0126525,TRUE,681.49048,"LO.KCH",0.6383607,0.43876
"/Users/mlammens/Dropbox/RA-FL-Shore-Birds/SensitivityAnalysis/SampleSize_100/FLSNPL_2M_Ceiling_100/snpl88.mp",487,3.59,2.82,3.17,0.8941,"CE",1.0520433921919,0.8941,0.1568947,0.05892178,0.118506799480997,0.630700768805588,0.0913007091396346,0.361000738972611,35.5789473684211,3.86004691164973,0.588481338481339,3,"M-Juvenile",1,0,1,37.7446808510638,1,1,1,1,0,0,0,0,-1,0,0,0,0,0,0,0,0,0,0,0,FALSE,100,1250,0.04224,0.009295,0.06114,0.009295,0.0068675,0.0117225,0.0241666666666667,0.005635,0.03482,0.005635,0.0042475,0.0070225,TRUE,1626.703,"HI.KCH",0.6453595,0.2487625
"/Users/mlammens/Dropbox/RA-FL-Shore-Birds/SensitivityAnalysis/SampleSize_100/FLSNPL_2M_Ceiling_100/snpl89.mp",552,2.85,3.04,2.94,1.0331,"CE",1.2164854457029,1.0331,0.2138031,0.03331305,0.153005759482956,0.589614442421179,0.0496818327293812,0.31964813757528,4.13559322033898,1.65700483091787,0.247272727272727,3,"M-Juvenile",0.035,0,0.035,91,0.305,1,1,1,82.233,1.62440925151774,158.87,91.2592864170949,-0.712192028985507,1.929,0.8466,4,86,160,230,303,0,0,0,0,FALSE,100,1250,0.0473633333333333,0.012725,0.06875,0.012725,0.0086575,0.0167925,0.0337166666666667,0.01006,0.049215,0.01006,0.00639,0.01373,TRUE,1400.04199,"LO.KCH",0.6705278,0.3626151
"/Users/mlammens/Dropbox/RA-FL-Shore-Birds/SensitivityAnalysis/SampleSize_100/FLSNPL_2M_Ceiling_100/snpl9.mp",532,3.76,3.87,3.81,1.0103,"CE",1.04738206809151,1.0103,0.192106,0.1345514,0.165844497162191,0.714801320462102,0.181440556956706,0.448120938709404,489,2.20267489711934,0.37552200449727,3,"M-Juvenile",0.335,0,0.335,91,0.786,1,1,1,27.057,1.14053170213,62.681,86.6176879330248,-0.882178571428571,1.113,0.9885,0,0,19,101,273.05,0,0,0,0,FALSE,100,1250,0.04326,0.00971,0.062525,0.00971,0.00722,0.0122,0.0258533333333333,0.0059,0.03722,0.0059,0.00451,0.00729,TRUE,908.19342,"LO.KCH",0.7415729,0.2687544
"/Users/mlammens/Dropbox/RA-FL-Shore-Birds/SensitivityAnalysis/SampleSize_100/FLSNPL_2M_Ceiling_100/snpl90.mp",442,2.85,2.87,2.86,1.0038,"CE",1.07373058559357,1.0038,0.1958993,0.1070877,0.157867525526595,0.556548703867587,0.164300453051852,0.360424578459719,18.4242424242424,2.39026812313803,0.410076157000586,3,"M-Juvenile",0.343,0,0.343,91,0.758,1,1,1,30.567,1.31918146998461,69.87,101.126394416333,-0.841923076923077,1.103,1.003,0,0,20,100,308.05,0,0,0,0,FALSE,100,1250,0.0524966666666667,0.00759,0.07621,0.00759,0.00633,0.00885,0.0299266666666667,0.004645,0.04322,0.004645,0.0039925,0.0052975,TRUE,560.2359,"ME.KCH",0.6517797,0.3519895
"/Users/mlammens/Dropbox/RA-FL-Shore-Birds/SensitivityAnalysis/SampleSize_100/FLSNPL_2M_Ceiling_100/snpl91.mp",462,3.45,3.95,3.69,1.0519,"CE",1.15074917643074,1.0519,0.1807288,0.1400763,0.161685294586629,0.592591912524157,0.187547748416955,0.390069830470556,19.52,1.85555995251286,0.299611973392461,3,"M-Juvenile",0.047,0,0.047,91,0.352,1,1,1,78.781,1.65166311033153,176.377,100.458482856242,-0.618231601731602,1.616,0.797,3,92.75,184,272.25,305,0,0,0,0,FALSE,100,1250,0.0529366666666667,0.01223,0.07831,0.01223,0.00721,0.01725,0.0318166666666667,0.008275,0.046935,0.008275,0.0049275,0.0116225,TRUE,1115.677,"LO.KCH",0.7468834,0.3049802
"/Users/mlammens/Dropbox/RA-FL-Shore-Birds/SensitivityAnalysis/SampleSize_100/FLSNPL_2M_Ceiling_100/snpl92.mp",426,2.65,3.07,2.85,1.0833,"CE",1.21545189453785,1.0833,0.1378683,0.1394095,0.138641041605904,0.337005640948047,0.206765855109134,0.271885748028591,8.95588235294118,1.6409307244844,0.242691229475371,3,"M-Juvenile",0.001,0,0.001,91,0.037,0.855,1,0.701,173.111,2.18896327955478,321.288,88.7237000521898,-0.245802816901408,2.592,0.6308,132,268,364.5,390,402,0,0,0,0,FALSE,100,1250,0.0523166666666667,0.0108,0.07641,0.0108,0.007465,0.014135,0.02707,0.00674,0.039095,0.00674,0.00488,0.0086,TRUE,2510.10498,"ME.KCH",0.6742385,0.4090979
"/Users/mlammens/Dropbox/RA-FL-Shore-Birds/SensitivityAnalysis/SampleSize_100/FLSNPL_2M_Ceiling_100/snpl93.mp",562,2.83,2.95,2.89,1.0227,"CE",1.17223766933571,1.0227,0.2174892,0.1451965,0.184910215684383,0.600916588359433,0.219722008640489,0.410319298499961,67.6666666666667,2.48643592142189,0.426348269385565,3,"M-Juvenile",0.292,0,0.292,91,0.731,1,1,1,34.143,1.32374501013294,85.831,108.157813178483,-0.847275800711744,1.116,0.9129,0,0,37,137.25,347.05,0,0,0,0,FALSE,100,1250,0.0456366666666667,0.01074,0.06719,0.01074,0.006635,0.014845,0.0258433333333333,0.006975,0.037865,0.006975,0.0043875,0.0095625,TRUE,2704.07397,"ME.KCH",0.6608191,0.3619291
"/Users/mlammens/Dropbox/RA-FL-Shore-Birds/SensitivityAnalysis/SampleSize_100/FLSNPL_2M_Ceiling_100/snpl94.mp",416,3.87,3.02,3.4,0.9011,"CE",1.1595632227064,0.9011,0.1520815,0.04967272,0.113128603267362,0.6537377629562,0.0743122232051185,0.364024993080659,21.2272727272727,3.25259304453935,0.529698708751793,3,"M-Juvenile",0.999,0,0.999,39.3975903614458,1,1,1,1,0.005,0.005,0.005,0.158113883008419,-0.999987980769231,0.001,0.0316,0,0,0,0,0,0,0,0,0,FALSE,100,1250,0.0595166666666667,0.0119,0.086815,0.0119,0.00841,0.01539,0.03462,0.008755,0.05039,0.008755,0.0059175,0.0115925,TRUE,2543.15503,"LO.KCH",0.6684327,0.2326338
"/Users/mlammens/Dropbox/RA-FL-Shore-Birds/SensitivityAnalysis/SampleSize_100/FLSNPL_2M_Ceiling_100/snpl95.mp",427,3.08,3.24,3.16,1.0244,"CE",1.1424887655464,1.0244,0.2130663,0.09094885,0.163812303432942,0.640544491813953,0.131479133657927,0.38601181273594,20.8285714285714,2.48659966499162,0.426375210184963,3,"M-Juvenile",0.113,0,0.113,91,0.435,0.988,1,0.971,74.974,2.05815921234081,167.987,147.551944776771,-0.606587822014052,1.749,0.9596,0,29.75,137.5,278,451.1,0,0,0,0,FALSE,100,1250,0.04491,0.00938,0.06527,0.00938,0.006785,0.011975,0.0262633333333333,0.00722,0.0377,0.00722,0.005305,0.009135,TRUE,2588.37598,"HI.KCH",0.691736,0.3326331
"/Users/mlammens/Dropbox/RA-FL-Shore-Birds/SensitivityAnalysis/SampleSize_100/FLSNPL_2M_Ceiling_100/snpl96.mp",504,3.24,2.97,3.1,0.9586,"CE",1.04432176766024,0.9586,0.1978389,0.02914479,0.141403057140491,0.669005923494703,0.0439648212521851,0.356485372373444,13.2363636363636,2.9377070907886,0.492090205318075,3,"M-Juvenile",0.833,0,0.833,65.9285714285714,0.99,1,1,1,2.557,0.27752436067987,5.884,26.1499591656347,-0.988325396825397,0.201,0.4825,0,0,0,0,29.05,0,0,0,0,FALSE,100,1250,0.0258666666666667,0.007725,0.037545,0.007725,0.0051175,0.0103325,0.01571,0.005015,0.02283,0.005015,0.0032425,0.0067875,TRUE,1322.70605,"HI.KCH",0.6629116,0.2957207
"/Users/mlammens/Dropbox/RA-FL-Shore-Birds/SensitivityAnalysis/SampleSize_100/FLSNPL_2M_Ceiling_100/snpl97.mp",459,3.98,3.39,3.67,0.9416,"CE",1.12922443375671,0.9416,0.2086789,0.1160618,0.168844935850102,0.882253538037978,0.164606843799945,0.523430190918961,152,3.96091954022989,0.596848934198332,3,"M-Juvenile",0.961,0,0.961,49.0204081632653,0.998,1,1,1,0.406,0.11374577839244,0.792,8.06236551749781,-0.998274509803922,0.049,0.262,0,0,0,0,0,0,0,0,0,FALSE,100,1250,0.06432,0.01395,0.09404,0.01395,0.009415,0.018485,0.0353466666666667,0.00868,0.05131,0.00868,0.00605,0.01131,TRUE,2991.28394,"ME.KCH",0.7050849,0.2365294
"/Users/mlammens/Dropbox/RA-FL-Shore-Birds/SensitivityAnalysis/SampleSize_100/FLSNPL_2M_Ceiling_100/snpl98.mp",500,3.51,3.63,3.57,1.0135,"CE",1.02547012778815,1.0135,0.1781275,0.1207627,0.15217265846324,0.616244691288662,0.166704674556295,0.391474682922479,42.9411764705882,2.33359223300971,0.40004659832246,3,"M-Juvenile",0.172,0,0.172,91,0.528,0.992,1,0.992,63.499,1.99657715085576,137.504,141.49450405821,-0.724992,1.44,0.9409,0,12.75,88.5,230,449,0,0,0,0,FALSE,100,1250,0.0400266666666667,0.011995,0.059035,0.011995,0.0070025,0.0169875,0.0242966666666667,0.00764,0.035685,0.00764,0.00458,0.0107,TRUE,941.90222,"HI.KCH",0.724411,0.2890532
"/Users/mlammens/Dropbox/RA-FL-Shore-Birds/SensitivityAnalysis/SampleSize_100/FLSNPL_2M_Ceiling_100/snpl99.mp",537,2.99,3.12,3.05,1.0216,"CE",1.18077129232375,1.0216,0.1455917,0.08296639,0.118491276004865,0.425818907261825,0.122062440369308,0.273940673815566,4.67692307692308,1.69921639541893,0.259044216167932,3,"M-Juvenile",0.04,0,0.04,91,0.233,0.974,1,0.988,111.078,2.21175807668691,198.546,122.616902541162,-0.630268156424581,1.977,0.8241,7.95,91,198,305.25,384.05,0,0,0,0,FALSE,100,1250,0.0383433333333333,0.005915,0.056255,0.005915,0.0042175,0.0076125,0.0216866666666667,0.003885,0.03165,0.003885,0.0028225,0.0049475,TRUE,2116.31201,"ME.KCH",0.6797045,0.3419099
